category_id	source	title
adult_movies_high_risk	manual	Jamon Jamon
adult_movies_high_risk	manual	Lie with Me
adult_movies_high_risk	manual	Kama Sutra: A Tale of Love
adult_movies_high_risk	manual	50 Shades of Grey
adult_movies_high_risk	manual	Nymphomaniac Vol. I
adult_movies_high_risk	manual	Sex and Lucia
adult_movies_high_risk	manual	Unfaithful
adult_movies_high_risk	manual	Gaspar Noe Love
adult_movies_high_risk	manual	Shame (2011)
adult_movies_high_risk	manual	Y Tu Mama Tambien
adult_movies_high_risk	manual	Cruel Intentions
adult_movies_high_risk	manual	Cruel Intentions 3
adult_movies_high_risk	manual	9 1/2 Weeks
adult_movies_high_risk	manual	Poison Ivy II
adult_movies_high_risk	manual	Room in Rome
adult_movies_high_risk	manual	Q (2011)
adult_movies_high_risk	manual	Kama Sutra A Tale of Love
adult_movies_high_risk	manual	Wild Things 2
adult_movies_high_risk	manual	Blue Is the Warmest Color
adult_movies_high_risk	manual	Q 2011
adult_movies_high_risk	manual	The Last Seduction
adult_movies_high_risk	manual	Last Tango in Paris
adult_movies_high_risk	manual	Cruel Intentions 2
adult_movies_high_risk	manual	Nine 1/2 Weeks
adult_movies_high_risk	manual	Poison Ivy
adult_movies_high_risk	manual	Lie With Me 2005
adult_movies_high_risk	manual	Bound 1996
adult_movies_high_risk	manual	Damage 1992
adult_movies_high_risk	manual	Jamón Jamón
adult_movies_high_risk	manual	Body Double
adult_movies_high_risk	manual	Original Sin
adult_movies_high_risk	manual	Sliver
adult_movies_high_risk	manual	Secretary 2002
adult_movies_high_risk	manual	Kamasutra A Tale of Love
adult_movies_high_risk	manual	Gaspar Noé Love
adult_movies_high_risk	manual	In the Realm of the Senses
adult_movies_high_risk	manual	Crash 1996
adult_movies_high_risk	manual	Striptease
adult_movies_high_risk	manual	Showgirls
adult_movies_high_risk	manual	The Next 365 Days
adult_movies_high_risk	manual	Romance (1999)
adult_movies_high_risk	manual	Y Tu Mamá También
adult_movies_high_risk	manual	Nymphomaniac Volume I
adult_movies_high_risk	manual	Desire (2011)
adult_movies_high_risk	manual	Nymphomaniac Vol. II
adult_movies_high_risk	manual	Secretary film
adult_movies_high_risk	manual	Jade
adult_movies_high_risk	manual	Ai no Corrida
adult_movies_high_risk	manual	Love Gaspar Noe
adult_movies_high_risk	manual	Fatal Attraction
adult_movies_high_risk	manual	The Unbearable Lightness of Being
adult_movies_high_risk	manual	Wild Orchid
adult_movies_high_risk	manual	Love (2015)
adult_movies_high_risk	manual	Betty Blue
adult_movies_high_risk	manual	Wild Orchid II
adult_movies_high_risk	manual	Bitter Moon
adult_movies_high_risk	manual	Nymphomaniac
adult_movies_high_risk	manual	Henry and June
adult_movies_high_risk	manual	Wild Things
adult_movies_high_risk	manual	The Lover (1992)
adult_movies_high_risk	manual	Wild Things: Foursome
adult_movies_high_risk	manual	Kamasutra 3D
adult_movies_high_risk	manual	Basic Instinct 2
adult_movies_high_risk	manual	Damage (1992)
adult_movies_high_risk	manual	Basic Instinct
adult_movies_high_risk	manual	Lucía y el sexo
adult_movies_high_risk	manual	Belle de Jour
adult_movies_high_risk	manual	L'Amant
adult_movies_high_risk	manual	Lucia y el sexo
adult_movies_high_risk	manual	Romance 1999
adult_movies_high_risk	manual	Nymphomaniac Volume II
adult_movies_high_risk	manual	Poison Ivy: The Secret Society
adult_movies_high_risk	manual	365 Days
adult_movies_high_risk	manual	La Vie d'Adele
adult_movies_high_risk	manual	Wild Things: Diamonds in the Rough
adult_movies_high_risk	manual	Fifty Shades Darker
adult_movies_high_risk	manual	Nymphomaniac Vol I
adult_movies_high_risk	manual	Bound (1996)
adult_movies_high_risk	manual	Two Moon Junction
adult_movies_high_risk	manual	Crash (1996)
adult_movies_high_risk	manual	La Vie d’Adèle
adult_movies_high_risk	manual	Delta of Venus
adult_movies_high_risk	manual	Color of Night
adult_movies_high_risk	manual	Body Heat
adult_movies_high_risk	manual	Blue Is the Warmest Colour
adult_movies_high_risk	manual	Disclosure
adult_movies_high_risk	manual	50 Shades Darker
adult_movies_high_risk	manual	The Dreamers
adult_movies_high_risk	manual	Henry & June
adult_movies_high_risk	manual	Body of Evidence
adult_movies_high_risk	manual	The Handmaiden
adult_movies_high_risk	manual	9½ Weeks
adult_movies_high_risk	manual	Fifty Shades of Grey
adult_movies_high_risk	manual	Nymphomaniac Vol II
adult_movies_high_risk	manual	365 Days: This Day
adult_movies_high_risk	manual	Romance X
adult_movies_high_risk	manual	Fifty Shades Freed
adult_movies_high_risk	manual	Love 2015
adult_movies_high_risk	manual	Shame 2011
adult_movies_high_risk	manual	The Lover 1992
adult_movies_high_risk	manual	Poison Ivy: The New Seduction
adult_movies_high_risk	manual	The Canyons
adult_movies_high_risk	manual	Eyes Wide Shut
adult_movies_high_risk	manual	365 Dni
adult_movies_high_risk	manual	50 Shades Freed
adult_movies_high_risk	manual	Desire 2011
adult_movies_high_risk	manual	The Voyeurs
adult_movies_high_risk	manual	365 Days This Day
adult_movies_high_risk	manual	Secretary (2002)
adult_movies_high_risk	manual	Indecent Proposal
