# category_id	keyword	note
adult_movies_high_risk	erotic	manual search keyword
adult_movies_high_risk	erotica	manual search keyword
adult_movies_high_risk	erotic movie	manual search keyword
adult_movies_high_risk	erotic movies	manual search keyword
adult_movies_high_risk	erotic film	manual search keyword
adult_movies_high_risk	erotic films	manual search keyword
adult_movies_high_risk	erotic thriller	manual search keyword
adult_movies_high_risk	erotic thrillers	manual search keyword
adult_movies_high_risk	erotic drama	manual search keyword
adult_movies_high_risk	erotic dramas	manual search keyword
adult_movies_high_risk	erotic romance	manual search keyword
adult_movies_high_risk	adult romance	manual search keyword
adult_movies_high_risk	adult movie	manual search keyword
adult_movies_high_risk	adult movies	manual search keyword
adult_movies_high_risk	adult film	manual search keyword
adult_movies_high_risk	adult films	manual search keyword
adult_movies_high_risk	adult content	manual search keyword
adult_movies_high_risk	adult web series	manual search keyword
adult_movies_high_risk	18+ movie	manual search keyword
adult_movies_high_risk	18+ movies	manual search keyword
adult_movies_high_risk	18+ film	manual search keyword
adult_movies_high_risk	18+ films	manual search keyword
adult_movies_high_risk	18+ web series	manual search keyword
adult_movies_high_risk	18 plus movie	manual search keyword
adult_movies_high_risk	18 plus movies	manual search keyword
adult_movies_high_risk	nc-17 movie	manual search keyword
adult_movies_high_risk	nc-17 movies	manual search keyword
adult_movies_high_risk	nc17 movie	manual search keyword
adult_movies_high_risk	nc17 movies	manual search keyword
adult_movies_high_risk	steamy movie	manual search keyword
adult_movies_high_risk	steamy movies	manual search keyword
adult_movies_high_risk	steamy romance	manual search keyword
adult_movies_high_risk	steamy thriller	manual search keyword
adult_movies_high_risk	sex scenes	manual search keyword
adult_movies_high_risk	sex scene	manual search keyword
adult_movies_high_risk	full sex scene	manual search keyword
adult_movies_high_risk	movie sex scenes	manual search keyword
adult_movies_high_risk	film sex scenes	manual search keyword
adult_movies_high_risk	nude scenes	manual search keyword
adult_movies_high_risk	nude scene	manual search keyword
adult_movies_high_risk	nudity scenes	manual search keyword
adult_movies_high_risk	nudity scene	manual search keyword
adult_movies_high_risk	explicit scenes	manual search keyword
adult_movies_high_risk	explicit scene	manual search keyword
adult_movies_high_risk	uncensored scenes	manual search keyword
adult_movies_high_risk	uncensored scene	manual search keyword
adult_movies_high_risk	unrated cut	manual search keyword
adult_movies_high_risk	unrated version	manual search keyword
adult_movies_high_risk	sensual movies	manual search keyword
adult_movies_high_risk	sensual movie	manual search keyword
adult_movies_high_risk	bold scenes	manual search keyword
adult_movies_high_risk	bold scene	manual search keyword
adult_movies_high_risk	bold web series	manual search keyword
adult_movies_high_risk	hot web series	manual search keyword
adult_movies_high_risk	intimate scenes	manual search keyword
adult_movies_high_risk	intimate scene	manual search keyword
adult_movies_high_risk	watch 18+ movies	manual search keyword
adult_movies_high_risk	download 18+ movies	manual search keyword
adult_movies_high_risk	watch erotic movies	manual search keyword
adult_movies_high_risk	download erotic movies	manual search keyword
adult_movies_high_risk	best erotic movies	manual search keyword
adult_movies_high_risk	erotic movies list	manual search keyword
adult_movies_high_risk	adult movies list	manual search keyword
adult_movies_high_risk	sexiest movies	manual search keyword
adult_movies_high_risk	movies with explicit scenes	manual search keyword
adult_movies_high_risk	movies with nude scenes	manual search keyword
adult_movies_high_risk	movies with sex scenes	manual search keyword
adult_streaming_ads	ullu web series	manual search keyword
adult_streaming_ads	ullu hot web series	manual search keyword
adult_streaming_ads	kooku web series	manual search keyword
adult_streaming_ads	altbalaji hot web series	manual search keyword
adult_streaming_ads	alt balaji hot web series	manual search keyword
adult_streaming_ads	mx player hot web series	manual search keyword
adult_movies_high_risk	أفلام للكبار	manual Arabic keyword
adult_movies_high_risk	افلام للكبار	manual Arabic keyword
adult_movies_high_risk	فيلم للكبار	manual Arabic keyword
adult_movies_high_risk	افلام للكبار فقط	manual Arabic keyword
adult_movies_high_risk	أفلام للكبار فقط	manual Arabic keyword
adult_movies_high_risk	فيلم للكبار فقط	manual Arabic keyword
adult_movies_high_risk	أفلام 18+	manual Arabic keyword
adult_movies_high_risk	افلام 18+	manual Arabic keyword
adult_movies_high_risk	فيلم 18+	manual Arabic keyword
adult_movies_high_risk	أفلام +18	manual Arabic keyword
adult_movies_high_risk	افلام +18	manual Arabic keyword
adult_movies_high_risk	فيلم +18	manual Arabic keyword
adult_movies_high_risk	أفلام جريئة	manual Arabic keyword
adult_movies_high_risk	افلام جريئة	manual Arabic keyword
adult_movies_high_risk	فيلم جريء	manual Arabic keyword
adult_movies_high_risk	فيلم جريئ	manual Arabic keyword
adult_movies_high_risk	مشاهد جريئة	manual Arabic keyword
adult_movies_high_risk	مشهد جريء	manual Arabic keyword
adult_movies_high_risk	مشاهد ساخنة	manual Arabic keyword
adult_movies_high_risk	مشهد ساخن	manual Arabic keyword
adult_movies_high_risk	رومانسي ساخن	manual Arabic keyword
adult_movies_high_risk	أفلام رومانسية ساخنة	manual Arabic keyword
adult_movies_high_risk	افلام رومانسية ساخنة	manual Arabic keyword
adult_movies_high_risk	مشاهد للكبار	manual Arabic keyword
adult_movies_high_risk	مقاطع للكبار	manual Arabic keyword
adult_movies_high_risk	مشاهد عري	manual Arabic keyword
adult_movies_high_risk	مشهد عري	manual Arabic keyword
adult_movies_high_risk	مشاهد غير مناسبة	manual Arabic keyword
adult_movies_high_risk	افلام غير مناسبة للاطفال	manual Arabic keyword
adult_movies_high_risk	أفلام غير مناسبة للأطفال	manual Arabic keyword
adult_movies_high_risk	افلام ممنوعة للكبار	manual Arabic keyword
adult_movies_high_risk	أفلام ممنوعة للكبار	manual Arabic keyword
adult_movies_high_risk	افلام للكبار فقط مترجمة	manual Arabic keyword
adult_movies_high_risk	افلام جريئة مترجمة	manual Arabic keyword
